id,name,model_id:id,group_id:id,perm_read,perm_write,perm_create,perm_unlink
rule_user,rule.user,model_inventory_optimization_rule,group_inv_user,1,0,0,0
rule_admin,rule.admin,model_inventory_optimization_rule,group_inv_admin,1,1,1,1
forecast_user,forecast.user,model_inventory_forecast_profile,group_inv_user,1,0,0,0
forecast_admin,forecast.admin,model_inventory_forecast_profile,group_inv_admin,1,1,1,1
lead_user,lead.user,model_inventory_supplier_lead_time,group_inv_user,1,0,0,0
lead_manager,lead.manager,model_inventory_supplier_lead_time,group_inv_manager,1,1,1,1
log_user,log.user,model_inventory_optimization_log,group_inv_user,1,0,0,0
log_manager,log.manager,model_inventory_optimization_log,group_inv_manager,1,1,1,1
move_user,move.user,model_inventory_movement_analysis,group_inv_user,1,0,0,0
move_manager,move.manager,model_inventory_movement_analysis,group_inv_manager,1,1,1,1
alert_user,alert.user,model_inventory_alert,group_inv_user,1,1,1,0
alert_manager,alert.manager,model_inventory_alert,group_inv_manager,1,1,1,1
dead_user,dead.user,model_inventory_dead_stock_review,group_inv_user,1,1,1,0
dead_manager,dead.manager,model_inventory_dead_stock_review,group_inv_manager,1,1,1,1
reco_user,reco.user,model_inventory_reorder_recommendation,group_inv_user,1,0,0,0
reco_manager,reco.manager,model_inventory_reorder_recommendation,group_inv_manager,1,1,1,1
health_user,health.user,model_inventory_stock_health,group_inv_user,1,0,0,0
health_manager,health.manager,model_inventory_stock_health,group_inv_manager,1,1,1,1
